code,category,value,areaName,popDensity,popValue,cx,cy,,,,,
E06000001,straight,68070,Hartlepool,985.5,92338,448118,530661,,,,,
E06000001,allOther,2062,Hartlepool,985.5,92338,448118,530661,,,,,
E06000001,noAnswer,4554,Hartlepool,985.5,92338,448118,530661,,,,,
E06000002,straight,102027,Middlesbrough,2671.2,143926,450380,516653,,,,,
E06000002,allOther,3613,Middlesbrough,2671.2,143926,450380,516653,,,,,
E06000002,noAnswer,8298,Middlesbrough,2671.2,143926,450380,516653,,,,,
E06000003,straight,102561,Redcar and Cleveland,557.1,136531,463383,518023,,,,,
E06000003,allOther,2735,Redcar and Cleveland,557.1,136531,463383,518023,,,,,
E06000003,noAnswer,7046,Redcar and Cleveland,557.1,136531,463383,518023,,,,,
E06000004,straight,144661,Stockton-on-Tees,959.3,196595,443484,518785,,,,,
E06000004,allOther,4081,Stockton-on-Tees,959.3,196595,443484,518785,,,,,
E06000004,noAnswer,9268,Stockton-on-Tees,959.3,196595,443484,518785,,,,,
E06000005,straight,80549,Darlington,545.9,107799,429038,517147,,,,,
E06000005,allOther,2547,Darlington,545.9,107799,429038,517147,,,,,
E06000005,noAnswer,5010,Darlington,545.9,107799,429038,517147,,,,,
E06000006,straight,95532,Halton,1624.3,128478,352162,383230,,,,,
E06000006,allOther,2738,Halton,1624.3,128478,352162,383230,,,,,
E06000006,noAnswer,5676,Halton,1624.3,128478,352162,383230,,,,,
E06000011,straight,262847,East Riding of Yorkshire,142.4,342215,499908,442365,,,,,
E06000011,allOther,5779,East Riding of Yorkshire,142.4,342215,499908,442365,,,,,
E06000011,noAnswer,19514,East Riding of Yorkshire,142.4,342215,499908,442365,,,,,
E06000012,straight,115780,North East Lincolnshire,815,156966,523749,406881,,,,,
E06000012,allOther,3264,North East Lincolnshire,815,156966,523749,406881,,,,,
E06000012,noAnswer,8480,North East Lincolnshire,815,156966,523749,406881,,,,,
E06000014,straight,148921,York,745.8,202821,461737,451799,,,,,
E06000014,allOther,9552,York,745.8,202821,461737,451799,,,,,
E06000014,noAnswer,13610,York,745.8,202821,461737,451799,,,,,
E06000015,straight,184221,Derby,3349.5,261364,435851,335169,,,,,
E06000015,allOther,6716,Derby,3349.5,261364,435851,335169,,,,,
E06000015,noAnswer,18235,Derby,3349.5,261364,435851,335169,,,,,
E06000017,straight,31470,Rutland,107.5,41049,491121,307844,,,,,
E06000017,allOther,745,Rutland,107.5,41049,491121,307844,,,,,
E06000017,noAnswer,2083,Rutland,107.5,41049,491121,307844,,,,,
E06000018,straight,225477,Nottingham,4337.6,323632,455451,340739,,,,,
E06000018,allOther,12929,Nottingham,4337.6,323632,455451,340739,,,,,
E06000018,noAnswer,25917,Nottingham,4337.6,323632,455451,340739,,,,,
E06000019,straight,140948,Herefordshire,85.8,187034,349035,245285,,,,,
E06000019,allOther,3430,Herefordshire,85.8,187034,349035,245285,,,,,
E06000019,noAnswer,12757,Herefordshire,85.8,187034,349035,245285,,,,,
E06000020,straight,134069,Telford and Wrekin,639.1,185541,367109,314837,,,,,
E06000020,allOther,4110,Telford and Wrekin,639.1,185541,367109,314837,,,,,
E06000020,noAnswer,10497,Telford and Wrekin,639.1,185541,367109,314837,,,,,
E06000021,straight,183110,Stoke-on-Trent,2764.8,258366,389018,346716,,,,,
E06000021,allOther,6415,Stoke-on-Trent,2764.8,258366,389018,346716,,,,,
E06000021,noAnswer,16377,Stoke-on-Trent,2764.8,258366,389018,346716,,,,,
E06000023,straight,333008,Bristol,4308.1,472465,346546,172919,,,,,
E06000023,allOther,17749,Bristol,4308.1,472465,346546,172919,,,,,
E06000023,noAnswer,33051,Bristol,4308.1,472465,346546,172919,,,,,
E06000024,straight,161781,North Somerset,579.9,216726,344429,165882,,,,,
E06000024,allOther,3707,North Somerset,579.9,216726,344429,165882,,,,,
E06000024,noAnswer,12080,North Somerset,579.9,216726,344429,165882,,,,,
E06000026,straight,194465,Plymouth,3314.8,264695,249389,56735,,,,,
E06000026,allOther,6360,Plymouth,3314.8,264695,249389,56735,,,,,
E06000026,noAnswer,14429,Plymouth,3314.8,264695,249389,56735,,,,,
E06000027,straight,104729,Torbay,2215.6,139324,291417,61223,,,,,
E06000027,allOther,3677,Torbay,2215.6,139324,291417,61223,,,,,
E06000027,noAnswer,8626,Torbay,2215.6,139324,291417,61223,,,,,
E06000031,straight,149442,Peterborough,628.1,215671,518343,302621,,,,,
E06000031,allOther,3566,Peterborough,628.1,215671,518343,302621,,,,,
E06000031,noAnswer,13565,Peterborough,628.1,215671,518343,302621,,,,,
E06000032,straight,151740,Luton,5196,225262,508515,222915,,,,,
E06000032,allOther,3926,Luton,5196,225262,508515,222915,,,,,
E06000032,noAnswer,17032,Luton,5196,225262,508515,222915,,,,,
E06000035,straight,201694,Medway,1444.2,279773,578769,172759,,,,,
E06000035,allOther,6171,Medway,1444.2,279773,578769,172759,,,,,
E06000035,noAnswer,14881,Medway,1444.2,279773,578769,172759,,,,,
E06000036,straight,91303,Bracknell Forest,1139.2,124607,487739,168395,,,,,
E06000036,allOther,2616,Bracknell Forest,1139.2,124607,487739,168395,,,,,
E06000036,noAnswer,6014,Bracknell Forest,1139.2,124607,487739,168395,,,,,
E06000037,straight,119258,West Berkshire,229.3,161448,448409,172535,,,,,
E06000037,allOther,3019,West Berkshire,229.3,161448,448409,172535,,,,,
E06000037,noAnswer,8459,West Berkshire,229.3,161448,448409,172535,,,,,
E06000038,straight,122731,Reading,4312.6,174224,470639,173186,,,,,
E06000038,allOther,5891,Reading,4312.6,174224,470639,173186,,,,,
E06000038,noAnswer,12738,Reading,4312.6,174224,470639,173186,,,,,
E06000039,straight,104943,Slough,4871.5,158500,498180,179746,,,,,
E06000039,allOther,2514,Slough,4871.5,158500,498180,179746,,,,,
E06000039,noAnswer,11677,Slough,4871.5,158500,498180,179746,,,,,
E06000040,straight,112211,Windsor and Maidenhead,781.1,153496,490435,177040,,,,,
E06000040,allOther,2853,Windsor and Maidenhead,781.1,153496,490435,177040,,,,,
E06000040,noAnswer,8613,Windsor and Maidenhead,781.1,153496,490435,177040,,,,,
E06000041,straight,128426,Wokingham,991.7,177503,477672,170613,,,,,
E06000041,allOther,3142,Wokingham,991.7,177503,477672,170613,,,,,
E06000041,noAnswer,9253,Wokingham,991.7,177503,477672,170613,,,,,
E06000042,straight,202083,Milton Keynes,930.1,287060,486881,243629,,,,,
E06000042,allOther,6339,Milton Keynes,930.1,287060,486881,243629,,,,,
E06000042,noAnswer,16408,Milton Keynes,930.1,287060,486881,243629,,,,,
E06000043,straight,189745,Brighton and Hove,3345.3,277103,531606,106526,,,,,
E06000043,allOther,25247,Brighton and Hove,3345.3,277103,531606,106526,,,,,
E06000043,noAnswer,20375,Brighton and Hove,3345.3,277103,531606,106526,,,,,
E06000044,straight,149768,Portsmouth,5149.8,208003,465010,102752,,,,,
E06000044,allOther,7936,Portsmouth,5149.8,208003,465010,102752,,,,,
E06000044,noAnswer,13114,Portsmouth,5149.8,208003,465010,102752,,,,,
E06000045,straight,177317,Southampton,4990.5,248922,442376,113232,,,,,
E06000045,allOther,10082,Southampton,4990.5,248922,442376,113232,,,,,
E06000045,noAnswer,16969,Southampton,4990.5,248922,442376,113232,,,,,
E06000047,straight,396553,County Durham,234.5,522068,410446,533389,,,,,
E06000047,allOther,12370,County Durham,234.5,522068,410446,533389,,,,,
E06000047,noAnswer,25035,County Durham,234.5,522068,410446,533389,,,,,
E06000050,straight,269319,Cheshire West and Chester,388.2,357150,350919,367257,,,,,
E06000050,allOther,8313,Cheshire West and Chester,388.2,357150,350919,367257,,,,,
E06000050,noAnswer,17726,Cheshire West and Chester,388.2,357150,350919,367257,,,,,
E06000051,straight,246550,Shropshire,101.2,323606,350424,304422,,,,,
E06000051,allOther,5738,Shropshire,101.2,323606,350424,304422,,,,,
E06000051,noAnswer,19378,Shropshire,101.2,323606,350424,304422,,,,,
E06000053,straight,1565,Isles of Scilly,125.9,2053,91546,11139,,,,,
E06000053,allOther,47,Isles of Scilly,125.9,2053,91546,11139,,,,,
E06000053,noAnswer,118,Isles of Scilly,125.9,2053,91546,11139,,,,,
E06000054,straight,381141,Wiltshire,156.8,510333,403934,155301,,,,,
E06000054,allOther,10453,Wiltshire,156.8,510333,403934,155301,,,,,
E06000054,noAnswer,27520,Wiltshire,156.8,510333,403934,155301,,,,,
E06000055,straight,133369,Bedford,388.8,185225,504237,255656,,,,,
E06000055,allOther,4004,Bedford,388.8,185225,504237,255656,,,,,
E06000055,noAnswer,10745,Bedford,388.8,185225,504237,255656,,,,,
E06000056,straight,216745,Central Bedfordshire,411.2,294252,507413,235392,,,,,
E06000056,allOther,5460,Central Bedfordshire,411.2,294252,507413,235392,,,,,
E06000056,noAnswer,14555,Central Bedfordshire,411.2,294252,507413,235392,,,,,
E06000057,straight,247647,Northumberland,63.9,320567,395886,594161,,,,,
E06000057,allOther,6029,Northumberland,63.9,320567,395886,594161,,,,,
E06000057,noAnswer,15171,Northumberland,63.9,320567,395886,594161,,,,,
E06000058,straight,296257,Bournemouth Christchurch and Poole,2469.2,400196,408362,94131,,,,,
E06000058,allOther,13072,Bournemouth Christchurch and Poole,2469.2,400196,408362,94131,,,,,
E06000058,noAnswer,25580,Bournemouth Christchurch and Poole,2469.2,400196,408362,94131,,,,,
E06000059,straight,291721,Dorset,152.4,379579,376581,100771,,,,,
E06000059,allOther,7078,Dorset,152.4,379579,376581,100771,,,,,
E06000059,noAnswer,23103,Dorset,152.4,379579,376581,100771,,,,,
E06000060,straight,402282,Buckinghamshire,353.4,553078,482081,210241,,,,,
E06000060,allOther,9684,Buckinghamshire,353.4,553078,482081,210241,,,,,
E06000060,noAnswer,31429,Buckinghamshire,353.4,553078,482081,210241,,,,,
E06000061,straight,261791,North Northamptonshire,364.4,359525,493494,281667,,,,,
E06000061,allOther,7115,North Northamptonshire,364.4,359525,493494,281667,,,,,
E06000061,noAnswer,20283,North Northamptonshire,364.4,359525,493494,281667,,,,,
E06000062,straight,308571,West Northamptonshire,309.1,425725,465908,258722,,,,,
E06000062,allOther,9432,West Northamptonshire,309.1,425725,465908,258722,,,,,
E06000062,noAnswer,25499,West Northamptonshire,309.1,425725,465908,258722,,,,,
E07000008,straight,100519,Cambridge,3579.2,145674,545770,257755,,,,,
E07000008,allOther,9389,Cambridge,3579.2,145674,545770,257755,,,,,
E07000008,noAnswer,14860,Cambridge,3579.2,145674,545770,257755,,,,,
E07000009,straight,64637,East Cambridgeshire,134.8,87762,556466,274112,,,,,
E07000009,allOther,1829,East Cambridgeshire,134.8,87762,556466,274112,,,,,
E07000009,noAnswer,4943,East Cambridgeshire,134.8,87762,556466,274112,,,,,
E07000010,straight,76361,Fenland,187.5,102462,539807,298084,,,,,
E07000010,allOther,2077,Fenland,187.5,102462,539807,298084,,,,,
E07000010,noAnswer,6394,Fenland,187.5,102462,539807,298084,,,,,
E07000012,straight,117371,South Cambridgeshire,179.8,162118,542444,254795,,,,,
E07000012,allOther,3554,South Cambridgeshire,179.8,162118,542444,254795,,,,,
E07000012,noAnswer,9436,South Cambridgeshire,179.8,162118,542444,254795,,,,,
E07000026,straight,73905,Allerdale,77.4,96157,319765,535836,,,,,
E07000026,allOther,1636,Allerdale,77.4,96157,319765,535836,,,,,
E07000026,noAnswer,4972,Allerdale,77.4,96157,319765,535836,,,,,
E07000027,straight,50884,Barrow-in-Furness,865.3,67407,320831,470657,,,,,
E07000027,allOther,1380,Barrow-in-Furness,865.3,67407,320831,470657,,,,,
E07000027,noAnswer,3570,Barrow-in-Furness,865.3,67407,320831,470657,,,,,
E07000028,straight,82928,Carlisle,106,110024,348339,564335,,,,,
E07000028,allOther,2501,Carlisle,106,110024,348339,564335,,,,,
E07000028,noAnswer,5914,Carlisle,106,110024,348339,564335,,,,,
E07000029,straight,51294,Copeland,91.7,67076,310947,502927,,,,,
E07000029,allOther,1228,Copeland,91.7,67076,310947,502927,,,,,
E07000029,noAnswer,3484,Copeland,91.7,67076,310947,502927,,,,,
E07000030,straight,42425,Eden,25.5,54735,359952,524354,,,,,
E07000030,allOther,931,Eden,25.5,54735,359952,524354,,,,,
E07000030,noAnswer,3277,Eden,25.5,54735,359952,524354,,,,,
E07000031,straight,81419,South Lakeland,68,104450,344716,488871,,,,,
E07000031,allOther,2036,South Lakeland,68,104450,344716,488871,,,,,
E07000031,noAnswer,6248,South Lakeland,68,104450,344716,488871,,,,,
E07000032,straight,95350,Amber Valley,475.6,126206,435845,348157,,,,,
E07000032,allOther,2597,Amber Valley,475.6,126206,435845,348157,,,,,
E07000032,noAnswer,7116,Amber Valley,475.6,126206,435845,348157,,,,,
E07000033,straight,60335,Bolsover,500.7,80272,448358,368917,,,,,
E07000033,allOther,1688,Bolsover,500.7,80272,448358,368917,,,,,
E07000033,noAnswer,4255,Bolsover,500.7,80272,448358,368917,,,,,
E07000034,straight,77927,Chesterfield,1568.4,103569,440052,373318,,,,,
E07000034,allOther,2470,Chesterfield,1568.4,103569,440052,373318,,,,,
E07000034,noAnswer,5606,Chesterfield,1568.4,103569,440052,373318,,,,,
E07000035,straight,55628,Derbyshire Dales,90.3,71540,420549,359062,,,,,
E07000035,allOther,1265,Derbyshire Dales,90.3,71540,420549,359062,,,,,
E07000035,noAnswer,4167,Derbyshire Dales,90.3,71540,420549,359062,,,,,
E07000036,straight,84981,Erewash,1029.9,112906,443979,337734,,,,,
E07000036,allOther,2604,Erewash,1029.9,112906,443979,337734,,,,,
E07000036,noAnswer,5942,Erewash,1029.9,112906,443979,337734,,,,,
E07000037,straight,68820,High Peak,168.7,90933,408491,386271,,,,,
E07000037,allOther,2139,High Peak,168.7,90933,408491,386271,,,,,
E07000037,noAnswer,4701,High Peak,168.7,90933,408491,386271,,,,,
E07000038,straight,78429,North East Derbyshire,370.1,102001,436969,370027,,,,,
E07000038,allOther,1787,North East Derbyshire,370.1,102001,436969,370027,,,,,
E07000038,noAnswer,5056,North East Derbyshire,370.1,102001,436969,370027,,,,,
E07000041,straight,95950,Exeter,2780,130709,293498,92447,,,,,
E07000041,allOther,5901,Exeter,2780,130709,293498,92447,,,,,
E07000041,noAnswer,9486,Exeter,2780,130709,293498,92447,,,,,
E07000042,straight,61506,Mid Devon,90.8,82852,290588,109637,,,,,
E07000042,allOther,1674,Mid Devon,90.8,82852,290588,109637,,,,,
E07000042,noAnswer,5025,Mid Devon,90.8,82852,290588,109637,,,,,
E07000043,straight,74190,North Devon,90.8,98611,265967,131782,,,,,
E07000043,allOther,1924,North Devon,90.8,98611,265967,131782,,,,,
E07000043,noAnswer,6079,North Devon,90.8,98611,265967,131782,,,,,
E07000045,straight,102424,Teignbridge,200.1,134803,282849,79821,,,,,
E07000045,allOther,2870,Teignbridge,200.1,134803,282849,79821,,,,,
E07000045,noAnswer,8167,Teignbridge,200.1,134803,282849,79821,,,,,
E07000046,straight,51744,Torridge,69.2,68114,241935,112003,,,,,
E07000046,allOther,1348,Torridge,69.2,68114,241935,112003,,,,,
E07000046,noAnswer,4466,Torridge,69.2,68114,241935,112003,,,,,
E07000047,straight,43550,West Devon,49.2,57096,255465,86000,,,,,
E07000047,allOther,1138,West Devon,49.2,57096,255465,86000,,,,,
E07000047,noAnswer,3675,West Devon,49.2,57096,255465,86000,,,,,
E07000061,straight,74493,Eastbourne,2302.6,101686,559822,99749,,,,,
E07000061,allOther,3278,Eastbourne,2302.6,101686,559822,99749,,,,,
E07000061,noAnswer,6805,Eastbourne,2302.6,101686,559822,99749,,,,,
E07000062,straight,65010,Hastings,3053.9,90995,580952,110924,,,,,
E07000062,allOther,3460,Hastings,3053.9,90995,580952,110924,,,,,
E07000062,noAnswer,6234,Hastings,3053.9,90995,580952,110924,,,,,
E07000063,straight,73994,Lewes,342,99905,541167,111026,,,,,
E07000063,allOther,2367,Lewes,342,99905,541167,111026,,,,,
E07000063,noAnswer,5861,Lewes,342,99905,541167,111026,,,,,
E07000067,straight,115511,Braintree,253.8,155268,578133,230213,,,,,
E07000067,allOther,2792,Braintree,253.8,155268,578133,230213,,,,,
E07000067,noAnswer,8266,Braintree,253.8,155268,578133,230213,,,,,
E07000068,straight,57812,Brentwood,503.2,77047,559999,195829,,,,,
E07000068,allOther,1104,Brentwood,503.2,77047,559999,195829,,,,,
E07000068,noAnswer,3949,Brentwood,503.2,77047,559999,195829,,,,,
E07000069,straight,68673,Castle Point,2005.4,89587,579982,185122,,,,,
E07000069,allOther,1176,Castle Point,2005.4,89587,579982,185122,,,,,
E07000069,noAnswer,4563,Castle Point,2005.4,89587,579982,185122,,,,,
E07000070,straight,134772,Chelmsford,535.9,181523,571456,205876,,,,,
E07000070,allOther,3379,Chelmsford,535.9,181523,571456,205876,,,,,
E07000070,noAnswer,9587,Chelmsford,535.9,181523,571456,205876,,,,,
E07000071,straight,139850,Colchester,587.2,192715,597077,223202,,,,,
E07000071,allOther,4334,Colchester,587.2,192715,597077,223202,,,,,
E07000071,noAnswer,11159,Colchester,587.2,192715,597077,223202,,,,,
E07000072,straight,100420,Epping Forest,398.2,134980,548522,203300,,,,,
E07000072,allOther,2130,Epping Forest,398.2,134980,548522,203300,,,,,
E07000072,noAnswer,7382,Epping Forest,398.2,134980,548522,203300,,,,,
E07000074,straight,51146,Maldon,185,66208,592438,204831,,,,,
E07000074,allOther,1051,Maldon,185,66208,592438,204831,,,,,
E07000074,noAnswer,3232,Maldon,185,66208,592438,204831,,,,,
E07000076,straight,112894,Tendring,440.9,148291,614571,223776,,,,,
E07000076,allOther,1642,Tendring,440.9,148291,614571,223776,,,,,
E07000076,noAnswer,9355,Tendring,440.9,148291,614571,223776,,,,,
E07000079,straight,69820,Cotswold,78,90832,407474,213072,,,,,
E07000079,allOther,1669,Cotswold,78,90832,407474,213072,,,,,
E07000079,noAnswer,4826,Cotswold,78,90832,407474,213072,,,,,
E07000080,straight,66188,Forest of Dean,165.4,87004,366318,214546,,,,,
E07000080,allOther,1662,Forest of Dean,165.4,87004,366318,214546,,,,,
E07000080,noAnswer,5197,Forest of Dean,165.4,87004,366318,214546,,,,,
E07000082,straight,90493,Stroud,263,121104,379361,203473,,,,,
E07000082,allOther,2713,Stroud,263,121104,379361,203473,,,,,
E07000082,noAnswer,6989,Stroud,263,121104,379361,203473,,,,,
E07000084,straight,136562,Basingstoke and Deane,292.1,185154,455819,153006,,,,,
E07000084,allOther,4163,Basingstoke and Deane,292.1,185154,455819,153006,,,,,
E07000084,noAnswer,9082,Basingstoke and Deane,292.1,185154,455819,153006,,,,,
E07000085,straight,94943,East Hampshire,244.4,125744,473316,131076,,,,,
E07000085,allOther,2145,East Hampshire,244.4,125744,473316,131076,,,,,
E07000085,noAnswer,6552,East Hampshire,244.4,125744,473316,131076,,,,,
E07000086,straight,101243,Eastleigh,1712.1,136443,447331,115065,,,,,
E07000086,allOther,2793,Eastleigh,1712.1,136443,447331,115065,,,,,
E07000086,noAnswer,6296,Eastleigh,1712.1,136443,447331,115065,,,,,
E07000087,straight,87856,Fareham,1542.1,114511,454571,106165,,,,,
E07000087,allOther,2275,Fareham,1542.1,114511,454571,106165,,,,,
E07000087,noAnswer,5507,Fareham,1542.1,114511,454571,106165,,,,,
E07000088,straight,61143,Gosport,3229.8,81952,459361,100995,,,,,
E07000088,allOther,2121,Gosport,3229.8,81952,459361,100995,,,,,
E07000088,noAnswer,3947,Gosport,3229.8,81952,459361,100995,,,,,
E07000089,straight,74226,Hart,461.8,99408,476958,154529,,,,,
E07000089,allOther,1697,Hart,461.8,99408,476958,154529,,,,,
E07000089,noAnswer,4405,Hart,461.8,99408,476958,154529,,,,,
E07000091,straight,135869,New Forest,233.7,175785,426464,106633,,,,,
E07000091,allOther,2890,New Forest,233.7,175785,426464,106633,,,,,
E07000091,noAnswer,9984,New Forest,233.7,175785,426464,106633,,,,,
E07000092,straight,72859,Rushmoor,2554.9,99756,486069,153516,,,,,
E07000092,allOther,2621,Rushmoor,2554.9,99756,486069,153516,,,,,
E07000092,noAnswer,5391,Rushmoor,2554.9,99756,486069,153516,,,,,
E07000093,straight,97662,Test Valley,207.9,130492,434314,136669,,,,,
E07000093,allOther,2541,Test Valley,207.9,130492,434314,136669,,,,,
E07000093,noAnswer,6548,Test Valley,207.9,130492,434314,136669,,,,,
E07000094,straight,94375,Winchester,192.8,127444,454712,125708,,,,,
E07000094,allOther,2495,Winchester,192.8,127444,454712,125708,,,,,
E07000094,noAnswer,6880,Winchester,192.8,127444,454712,125708,,,,,
E07000095,straight,72572,Broxbourne,1924.9,99009,534904,204646,,,,,
E07000095,allOther,698,Broxbourne,1924.9,99009,534904,204646,,,,,
E07000095,noAnswer,5470,Broxbourne,1924.9,99009,534904,204646,,,,,
E07000096,straight,112619,Dacorum,729.8,155081,500758,209858,,,,,
E07000096,allOther,2931,Dacorum,729.8,155081,500758,209858,,,,,
E07000096,noAnswer,8230,Dacorum,729.8,155081,500758,209858,,,,,
E07000098,straight,77939,Hertsmere,1065.9,107827,518976,199022,,,,,
E07000098,allOther,1809,Hertsmere,1065.9,107827,518976,199022,,,,,
E07000098,noAnswer,6445,Hertsmere,1065.9,107827,518976,199022,,,,,
E07000099,straight,97811,North Hertfordshire,354.9,133210,524291,230523,,,,,
E07000099,allOther,2941,North Hertfordshire,354.9,133210,524291,230523,,,,,
E07000099,noAnswer,6990,North Hertfordshire,354.9,133210,524291,230523,,,,,
E07000102,straight,68658,Three Rivers,1055.8,93771,506561,196949,,,,,
E07000102,allOther,1415,Three Rivers,1055.8,93771,506561,196949,,,,,
E07000102,noAnswer,4930,Three Rivers,1055.8,93771,506561,196949,,,,,
E07000106,straight,116186,Canterbury,509.9,157432,616375,158359,,,,,
E07000106,allOther,5947,Canterbury,509.9,157432,616375,158359,,,,,
E07000106,noAnswer,10620,Canterbury,509.9,157432,616375,158359,,,,,
E07000107,straight,82718,Dartford,1605.3,116753,556785,172676,,,,,
E07000107,allOther,2046,Dartford,1605.3,116753,556785,172676,,,,,
E07000107,noAnswer,5934,Dartford,1605.3,116753,556785,172676,,,,,
E07000108,straight,86739,Dover,369.2,116410,629815,151044,,,,,
E07000108,allOther,2867,Dover,369.2,116410,629815,151044,,,,,
E07000108,noAnswer,6524,Dover,369.2,116410,629815,151044,,,,,
E07000109,straight,76943,Gravesham,1079.9,106900,566746,170115,,,,,
E07000109,allOther,1991,Gravesham,1079.9,106900,566746,170115,,,,,
E07000109,noAnswer,5621,Gravesham,1079.9,106900,566746,170115,,,,,
E07000110,straight,129562,Maidstone,446.9,175782,580248,151563,,,,,
E07000110,allOther,3421,Maidstone,446.9,175782,580248,151563,,,,,
E07000110,noAnswer,9153,Maidstone,446.9,175782,580248,151563,,,,,
E07000111,straight,88646,Sevenoaks,326.4,120514,551567,155211,,,,,
E07000111,allOther,1824,Sevenoaks,326.4,120514,551567,155211,,,,,
E07000111,noAnswer,6133,Sevenoaks,326.4,120514,551567,155211,,,,,
E07000113,straight,111489,Swale,406.2,151676,595988,164044,,,,,
E07000113,allOther,3232,Swale,406.2,151676,595988,164044,,,,,
E07000113,noAnswer,7279,Swale,406.2,151676,595988,164044,,,,,
E07000114,straight,103415,Thanet,1356.9,140587,632674,166985,,,,,
E07000114,allOther,3869,Thanet,1356.9,140587,632674,166985,,,,,
E07000114,noAnswer,8133,Thanet,1356.9,140587,632674,166985,,,,,
E07000115,straight,97074,Tonbridge and Malling,550.6,132201,564511,155282,,,,,
E07000115,allOther,2154,Tonbridge and Malling,550.6,132201,564511,155282,,,,,
E07000115,noAnswer,6298,Tonbridge and Malling,550.6,132201,564511,155282,,,,,
E07000116,straight,83692,Tunbridge Wells,348,115311,570254,137789,,,,,
E07000116,allOther,2321,Tunbridge Wells,348,115311,570254,137789,,,,,
E07000116,noAnswer,6389,Tunbridge Wells,348,115311,570254,137789,,,,,
E07000117,straight,67539,Burnley,855,94646,385506,431414,,,,,
E07000117,allOther,1951,Burnley,855,94646,385506,431414,,,,,
E07000117,noAnswer,5709,Burnley,855,94646,385506,431414,,,,,
E07000118,straight,88330,Chorley,580.6,117732,357265,418497,,,,,
E07000118,allOther,2398,Chorley,580.6,117732,357265,418497,,,,,
E07000118,noAnswer,5641,Chorley,580.6,117732,357265,418497,,,,,
E07000121,straight,105041,Lancaster,252.1,142934,353328,463919,,,,,
E07000121,allOther,5198,Lancaster,252.1,142934,353328,463919,,,,,
E07000121,noAnswer,9401,Lancaster,252.1,142934,353328,463919,,,,,
E07000122,straight,67188,Pendle,565.4,95757,387886,441045,,,,,
E07000122,allOther,1586,Pendle,565.4,95757,387886,441045,,,,,
E07000122,noAnswer,6448,Pendle,565.4,95757,387886,441045,,,,,
E07000123,straight,105022,Preston,1039,147835,354185,435253,,,,,
E07000123,allOther,4493,Preston,1039,147835,354185,435253,,,,,
E07000123,noAnswer,9154,Preston,1039,147835,354185,435253,,,,,
E07000125,straight,52249,Rossendale,513.4,70871,382473,421988,,,,,
E07000125,allOther,1440,Rossendale,513.4,70871,382473,421988,,,,,
E07000125,noAnswer,3609,Rossendale,513.4,70871,382473,421988,,,,,
E07000126,straight,84262,South Ribble,981.4,111035,353203,425975,,,,,
E07000126,allOther,2185,South Ribble,981.4,111035,353203,425975,,,,,
E07000126,noAnswer,5052,South Ribble,981.4,111035,353203,425975,,,,,
E07000127,straight,89277,West Lancashire,338.8,117429,341717,412911,,,,,
E07000127,allOther,2758,West Lancashire,338.8,117429,341717,412911,,,,,
E07000127,noAnswer,6288,West Lancashire,338.8,117429,341717,412911,,,,,
E07000128,straight,86350,Wyre,396.7,111946,344008,445536,,,,,
E07000128,allOther,2244,Wyre,396.7,111946,344008,445536,,,,,
E07000128,noAnswer,5757,Wyre,396.7,111946,344008,445536,,,,,
E07000129,straight,76694,Blaby,788.9,102926,452852,297375,,,,,
E07000129,allOther,1895,Blaby,788.9,102926,452852,297375,,,,,
E07000129,noAnswer,5077,Blaby,788.9,102926,452852,297375,,,,,
E07000130,straight,137579,Charnwood,659.2,183971,457739,315833,,,,,
E07000130,allOther,6482,Charnwood,659.2,183971,457739,315833,,,,,
E07000130,noAnswer,11039,Charnwood,659.2,183971,457739,315833,,,,,
E07000131,straight,73899,Harborough,165,97625,467383,293977,,,,,
E07000131,allOther,1824,Harborough,165,97625,467383,293977,,,,,
E07000131,noAnswer,4845,Harborough,165,97625,467383,293977,,,,,
E07000132,straight,86221,Hinckley and Bosworth,382.2,113642,441354,302271,,,,,
E07000132,allOther,2165,Hinckley and Bosworth,382.2,113642,441354,302271,,,,,
E07000132,noAnswer,5532,Hinckley and Bosworth,382.2,113642,441354,302271,,,,,
E07000133,straight,39330,Melton,107.5,51752,477226,322729,,,,,
E07000133,allOther,956,Melton,107.5,51752,477226,322729,,,,,
E07000133,noAnswer,2657,Melton,107.5,51752,477226,322729,,,,,
E07000134,straight,78803,North West Leicestershire,374.8,104706,440239,317453,,,,,
E07000134,allOther,2139,North West Leicestershire,374.8,104706,440239,317453,,,,,
E07000134,noAnswer,5223,North West Leicestershire,374.8,104706,440239,317453,,,,,
E07000135,straight,42558,Oadby and Wigston,2454.9,57747,461524,299185,,,,,
E07000135,allOther,970,Oadby and Wigston,2454.9,57747,461524,299185,,,,,
E07000135,noAnswer,3682,Oadby and Wigston,2454.9,57747,461524,299185,,,,,
E07000137,straight,109121,East Lindsey,80.5,142296,535540,374440,,,,,
E07000137,allOther,2701,East Lindsey,80.5,142296,535540,374440,,,,,
E07000137,noAnswer,9596,East Lindsey,80.5,142296,535540,374440,,,,,
E07000138,straight,73780,Lincoln,2908.9,103813,496573,370718,,,,,
E07000138,allOther,5524,Lincoln,2908.9,103813,496573,370718,,,,,
E07000138,noAnswer,7764,Lincoln,2908.9,103813,496573,370718,,,,,
E07000139,straight,89493,North Kesteven,128,118075,504210,354897,,,,,
E07000139,allOther,1232,North Kesteven,128,118075,504210,354897,,,,,
E07000139,noAnswer,6290,North Kesteven,128,118075,504210,354897,,,,,
E07000140,straight,70520,South Holland,126.8,95122,532780,324067,,,,,
E07000140,allOther,1566,South Holland,126.8,95122,532780,324067,,,,,
E07000140,noAnswer,6911,South Holland,126.8,95122,532780,324067,,,,,
E07000141,straight,107682,South Kesteven,152.1,143404,499893,329594,,,,,
E07000141,allOther,2607,South Kesteven,152.1,143404,499893,329594,,,,,
E07000141,noAnswer,7722,South Kesteven,152.1,143404,499893,329594,,,,,
E07000143,straight,106301,Breckland,108.4,141476,592273,302678,,,,,
E07000143,allOther,2761,Breckland,108.4,141476,592273,302678,,,,,
E07000143,noAnswer,8790,Breckland,108.4,141476,592273,302678,,,,,
E07000144,straight,100942,Broadland,238.6,131721,623735,316663,,,,,
E07000144,allOther,2450,Broadland,238.6,131721,623735,316663,,,,,
E07000144,noAnswer,7111,Broadland,238.6,131721,623735,316663,,,,,
E07000145,straight,74017,Great Yarmouth,572.2,99748,647815,311075,,,,,
E07000145,allOther,2252,Great Yarmouth,572.2,99748,647815,311075,,,,,
E07000145,noAnswer,6450,Great Yarmouth,572.2,99748,647815,311075,,,,,
E07000146,straight,116071,Kings Lynn and West Norfolk,107.2,154325,566910,317216,,,,,
E07000146,allOther,2917,Kings Lynn and West Norfolk,107.2,154325,566910,317216,,,,,
E07000146,noAnswer,9904,Kings Lynn and West Norfolk,107.2,154325,566910,317216,,,,,
E07000148,straight,101477,Norwich,3688.2,143922,622020,308886,,,,,
E07000148,allOther,8843,Norwich,3688.2,143922,622020,308886,,,,,
E07000148,noAnswer,10443,Norwich,3688.2,143922,622020,308886,,,,,
E07000149,straight,106656,South Norfolk,156.4,141948,622377,295780,,,,,
E07000149,allOther,2876,South Norfolk,156.4,141948,622377,295780,,,,,
E07000149,noAnswer,7687,South Norfolk,156.4,141948,622377,295780,,,,,
E07000163,straight,44081,Craven,48.4,56927,388715,464893,,,,,
E07000163,allOther,1032,Craven,48.4,56927,388715,464893,,,,,
E07000163,noAnswer,3171,Craven,48.4,56927,388715,464893,,,,,
E07000164,straight,70818,Hambleton,69.2,90690,444420,488149,,,,,
E07000164,allOther,1392,Hambleton,69.2,90690,444420,488149,,,,,
E07000164,noAnswer,4794,Hambleton,69.2,90690,444420,488149,,,,,
E07000165,straight,122943,Harrogate,124.4,162666,426573,463534,,,,,
E07000165,allOther,1985,Harrogate,124.4,162666,426573,463534,,,,,
E07000165,noAnswer,9376,Harrogate,124.4,162666,426573,463534,,,,,
E07000166,straight,38420,Richmondshire,37.7,49776,404370,496225,,,,,
E07000166,allOther,884,Richmondshire,37.7,49776,404370,496225,,,,,
E07000166,noAnswer,2436,Richmondshire,37.7,49776,404370,496225,,,,,
E07000167,straight,42164,Ryedale,36.3,54707,475009,480011,,,,,
E07000167,allOther,918,Ryedale,36.3,54707,475009,480011,,,,,
E07000167,noAnswer,3242,Ryedale,36.3,54707,475009,480011,,,,,
E07000169,straight,69510,Selby,153.5,91988,457071,432688,,,,,
E07000169,allOther,1583,Selby,153.5,91988,457071,432688,,,,,
E07000169,noAnswer,4339,Selby,153.5,91988,457071,432688,,,,,
E07000170,straight,93238,Ashfield,1152.8,126300,449768,355201,,,,,
E07000170,allOther,2641,Ashfield,1152.8,126300,449768,355201,,,,,
E07000170,noAnswer,6964,Ashfield,1152.8,126300,449768,355201,,,,,
E07000171,straight,88969,Bassetlaw,184.7,117804,469431,382275,,,,,
E07000171,allOther,2084,Bassetlaw,184.7,117804,469431,382275,,,,,
E07000171,noAnswer,6314,Bassetlaw,184.7,117804,469431,382275,,,,,
E07000172,straight,83457,Broxtowe,1385,110940,449657,342283,,,,,
E07000172,allOther,2917,Broxtowe,1385,110940,449657,342283,,,,,
E07000172,noAnswer,6166,Broxtowe,1385,110940,449657,342283,,,,,
E07000173,straight,87931,Gedling,977.4,117264,459166,348277,,,,,
E07000173,allOther,2605,Gedling,977.4,117264,459166,348277,,,,,
E07000173,noAnswer,5923,Gedling,977.4,117264,459166,348277,,,,,
E07000175,straight,92844,Newark and Sherwood,188.8,122956,472378,359080,,,,,
E07000175,allOther,2592,Newark and Sherwood,188.8,122956,472378,359080,,,,,
E07000175,noAnswer,6532,Newark and Sherwood,188.8,122956,472378,359080,,,,,
E07000176,straight,89104,Rushcliffe,291,119077,464834,334124,,,,,
E07000176,allOther,2647,Rushcliffe,291,119077,464834,334124,,,,,
E07000176,noAnswer,5972,Rushcliffe,291,119077,464834,334124,,,,,
E07000177,straight,117986,Cherwell,273.5,161016,449860,229130,,,,,
E07000177,allOther,3724,Cherwell,273.5,161016,449860,229130,,,,,
E07000177,noAnswer,8879,Cherwell,273.5,161016,449860,229130,,,,,
E07000178,straight,109859,Oxford,3553,162040,452441,206500,,,,,
E07000178,allOther,9447,Oxford,3553,162040,452441,206500,,,,,
E07000178,noAnswer,17411,Oxford,3553,162040,452441,206500,,,,,
E07000179,straight,110653,South Oxfordshire,219.7,149085,464397,193175,,,,,
E07000179,allOther,1830,South Oxfordshire,219.7,149085,464397,193175,,,,,
E07000179,noAnswer,7948,South Oxfordshire,219.7,149085,464397,193175,,,,,
E07000180,straight,101920,Vale of White Horse,240.5,138913,438787,192976,,,,,
E07000180,allOther,3037,Vale of White Horse,240.5,138913,438787,192976,,,,,
E07000180,noAnswer,7470,Vale of White Horse,240.5,138913,438787,192976,,,,,
E07000181,straight,85888,West Oxfordshire,159.9,114237,434067,215553,,,,,
E07000181,allOther,1330,West Oxfordshire,159.9,114237,434067,215553,,,,,
E07000181,noAnswer,5591,West Oxfordshire,159.9,114237,434067,215553,,,,,
E07000187,straight,85790,Mendip,157,116089,362056,144991,,,,,
E07000187,allOther,2572,Mendip,157,116089,362056,144991,,,,,
E07000187,noAnswer,7689,Mendip,157,116089,362056,144991,,,,,
E07000188,straight,93579,Sedgemoor,222.2,125343,333465,143276,,,,,
E07000188,allOther,2642,Sedgemoor,222.2,125343,333465,143276,,,,,
E07000188,noAnswer,7560,Sedgemoor,222.2,125343,333465,143276,,,,,
E07000189,straight,129908,South Somerset,180,172671,350246,121192,,,,,
E07000189,allOther,3249,South Somerset,180,172671,350246,121192,,,,,
E07000189,noAnswer,10655,South Somerset,180,172671,350246,121192,,,,,
E07000192,straight,75947,Cannock Chase,1274.3,100519,401418,312745,,,,,
E07000192,allOther,1967,Cannock Chase,1274.3,100519,401418,312745,,,,,
E07000192,noAnswer,4464,Cannock Chase,1274.3,100519,401418,312745,,,,,
E07000193,straight,90866,East Staffordshire,320.5,124020,412763,329519,,,,,
E07000193,allOther,2419,East Staffordshire,320.5,124020,412763,329519,,,,,
E07000193,noAnswer,7224,East Staffordshire,320.5,124020,412763,329519,,,,,
E07000194,straight,81990,Lichfield,321.3,106436,413297,310036,,,,,
E07000194,allOther,1868,Lichfield,321.3,106436,413297,310036,,,,,
E07000194,noAnswer,4738,Lichfield,321.3,106436,413297,310036,,,,,
E07000195,straight,93169,Newcastle-under-Lyme,584.5,123299,378749,344081,,,,,
E07000195,allOther,3075,Newcastle-under-Lyme,584.5,123299,378749,344081,,,,,
E07000195,noAnswer,6939,Newcastle-under-Lyme,584.5,123299,378749,344081,,,,,
E07000196,straight,86672,South Staffordshire,271.2,110472,388140,303026,,,,,
E07000196,allOther,800,South Staffordshire,271.2,110472,388140,303026,,,,,
E07000196,noAnswer,5100,South Staffordshire,271.2,110472,388140,303026,,,,,
E07000197,straight,103695,Stafford,228.8,136867,388230,327866,,,,,
E07000197,allOther,3030,Stafford,228.8,136867,388230,327866,,,,,
E07000197,noAnswer,7091,Stafford,228.8,136867,388230,327866,,,,,
E07000199,straight,58751,Tamworth,2549.6,78646,421984,303220,,,,,
E07000199,allOther,1469,Tamworth,2549.6,78646,421984,303220,,,,,
E07000199,noAnswer,3573,Tamworth,2549.6,78646,421984,303220,,,,,
E07000200,straight,70434,Babergh,155.5,92341,599986,243163,,,,,
E07000200,allOther,1647,Babergh,155.5,92341,599986,243163,,,,,
E07000200,noAnswer,5297,Babergh,155.5,92341,599986,243163,,,,,
E07000203,straight,79066,Mid Suffolk,117.9,102699,611211,265459,,,,,
E07000203,allOther,2691,Mid Suffolk,117.9,102699,611211,265459,,,,,
E07000203,noAnswer,5306,Mid Suffolk,117.9,102699,611211,265459,,,,,
E07000207,straight,99381,Elmbridge,1459.6,138754,512060,163238,,,,,
E07000207,allOther,2432,Elmbridge,1459.6,138754,512060,163238,,,,,
E07000207,noAnswer,7180,Elmbridge,1459.6,138754,512060,163238,,,,,
E07000208,straight,58730,Epsom and Ewell,2375.4,80938,521188,161461,,,,,
E07000208,allOther,1403,Epsom and Ewell,2375.4,80938,521188,161461,,,,,
E07000208,noAnswer,4474,Epsom and Ewell,2375.4,80938,521188,161461,,,,,
E07000209,straight,106016,Guildford,530.2,143650,500446,150851,,,,,
E07000209,allOther,4576,Guildford,530.2,143650,500446,150851,,,,,
E07000209,noAnswer,9225,Guildford,530.2,143650,500446,150851,,,,,
E07000210,straight,66189,Mole Valley,338.3,87386,517049,147214,,,,,
E07000210,allOther,1507,Mole Valley,338.3,87386,517049,147214,,,,,
E07000210,noAnswer,4645,Mole Valley,338.3,87386,517049,147214,,,,,
E07000211,straight,109322,Reigate and Banstead,1168.1,150846,526286,152009,,,,,
E07000211,allOther,2756,Reigate and Banstead,1168.1,150846,526286,152009,,,,,
E07000211,noAnswer,8051,Reigate and Banstead,1168.1,150846,526286,152009,,,,,
E07000212,straight,64392,Runnymede,1128.6,88079,501617,167042,,,,,
E07000212,allOther,2532,Runnymede,1128.6,88079,501617,167042,,,,,
E07000212,noAnswer,5797,Runnymede,1128.6,88079,501617,167042,,,,,
E07000213,straight,75505,Spelthorne,2293.9,102956,506652,170605,,,,,
E07000213,allOther,1953,Spelthorne,2293.9,102956,506652,170605,,,,,
E07000213,noAnswer,5904,Spelthorne,2293.9,102956,506652,170605,,,,,
E07000215,straight,64718,Tandridge,354.1,87876,536712,149345,,,,,
E07000215,allOther,1444,Tandridge,354.1,87876,536712,149345,,,,,
E07000215,noAnswer,4664,Tandridge,354.1,87876,536712,149345,,,,,
E07000216,straight,94198,Waverley,371.5,128229,495682,139877,,,,,
E07000216,allOther,2579,Waverley,371.5,128229,495682,139877,,,,,
E07000216,noAnswer,6859,Waverley,371.5,128229,495682,139877,,,,,
E07000217,straight,75426,Woking,1634.4,103943,500423,158249,,,,,
E07000217,allOther,2100,Woking,1634.4,103943,500423,158249,,,,,
E07000217,noAnswer,5456,Woking,1634.4,103943,500423,158249,,,,,
E07000218,straight,49554,North Warwickshire,228.8,65035,425346,294421,,,,,
E07000218,allOther,1210,North Warwickshire,228.8,65035,425346,294421,,,,,
E07000218,noAnswer,3134,North Warwickshire,228.8,65035,425346,294421,,,,,
E07000219,straight,98981,Nuneaton and Bedworth,1699.7,134197,435701,289373,,,,,
E07000219,allOther,2688,Nuneaton and Bedworth,1699.7,134197,435701,289373,,,,,
E07000219,noAnswer,6919,Nuneaton and Bedworth,1699.7,134197,435701,289373,,,,,
E07000220,straight,83469,Rugby,325.7,114363,445826,276476,,,,,
E07000220,allOther,2201,Rugby,325.7,114363,445826,276476,,,,,
E07000220,noAnswer,6417,Rugby,325.7,114363,445826,276476,,,,,
E07000221,straight,103165,Stratford-on-Avon,137.8,134725,425910,253437,,,,,
E07000221,allOther,2427,Stratford-on-Avon,137.8,134725,425910,253437,,,,,
E07000221,noAnswer,7047,Stratford-on-Avon,137.8,134725,425910,253437,,,,,
E07000222,straight,110731,Warwick,524.8,148453,428512,268090,,,,,
E07000222,allOther,4130,Warwick,524.8,148453,428512,268090,,,,,
E07000222,noAnswer,8391,Warwick,524.8,148453,428512,268090,,,,,
E07000223,straight,47736,Adur,1534.4,64544,519857,106296,,,,,
E07000223,allOther,1791,Adur,1534.4,64544,519857,106296,,,,,
E07000223,noAnswer,3426,Adur,1534.4,64544,519857,106296,,,,,
E07000224,straight,125990,Arun,746.1,164889,500922,105536,,,,,
E07000224,allOther,3673,Arun,746.1,164889,500922,105536,,,,,
E07000224,noAnswer,9888,Arun,746.1,164889,500922,105536,,,,,
E07000225,straight,94857,Chichester,157.8,124068,488437,116059,,,,,
E07000225,allOther,2981,Chichester,157.8,124068,488437,116059,,,,,
E07000225,noAnswer,6871,Chichester,157.8,124068,488437,116059,,,,,
E07000226,straight,84098,Crawley,2634.9,118493,527313,137822,,,,,
E07000226,allOther,1719,Crawley,2634.9,118493,527313,137822,,,,,
E07000226,noAnswer,6752,Crawley,2634.9,118493,527313,137822,,,,,
E07000227,straight,110092,Horsham,276.8,146778,514696,122819,,,,,
E07000227,allOther,2074,Horsham,276.8,146778,514696,122819,,,,,
E07000227,noAnswer,7497,Horsham,276.8,146778,514696,122819,,,,,
E07000228,straight,112276,Mid Sussex,456.8,152566,531427,126224,,,,,
E07000228,allOther,2247,Mid Sussex,456.8,152566,531427,126224,,,,,
E07000228,noAnswer,7792,Mid Sussex,456.8,152566,531427,126224,,,,,
E07000229,straight,81855,Worthing,3423.7,111338,513043,104470,,,,,
E07000229,allOther,2713,Worthing,3423.7,111338,513043,104470,,,,,
E07000229,noAnswer,6786,Worthing,3423.7,111338,513043,104470,,,,,
E07000234,straight,74613,Bromsgrove,457.1,99183,398961,273791,,,,,
E07000234,allOther,1645,Bromsgrove,457.1,99183,398961,273791,,,,,
E07000234,noAnswer,4840,Bromsgrove,457.1,99183,398961,273791,,,,,
E07000235,straight,60981,Malvern Hills,137.7,79486,376452,253907,,,,,
E07000235,allOther,1483,Malvern Hills,137.7,79486,376452,253907,,,,,
E07000235,noAnswer,4656,Malvern Hills,137.7,79486,376452,253907,,,,,
E07000236,straight,64095,Redditch,1604.4,87036,403427,264902,,,,,
E07000236,allOther,1657,Redditch,1604.4,87036,403427,264902,,,,,
E07000236,noAnswer,4499,Redditch,1604.4,87036,403427,264902,,,,,
E07000237,straight,76463,Worcester,3121.4,103872,385680,255359,,,,,
E07000237,allOther,3011,Worcester,3121.4,103872,385680,255359,,,,,
E07000237,noAnswer,6133,Worcester,3121.4,103872,385680,255359,,,,,
E07000238,straight,101636,Wychavon,199.7,132492,396608,251844,,,,,
E07000238,allOther,2273,Wychavon,199.7,132492,396608,251844,,,,,
E07000238,noAnswer,6809,Wychavon,199.7,132492,396608,251844,,,,,
E07000239,straight,76797,Wyre Forest,520,101607,381336,275771,,,,,
E07000239,allOther,1921,Wyre Forest,520,101607,381336,275771,,,,,
E07000239,noAnswer,5845,Wyre Forest,520,101607,381336,275771,,,,,
E07000240,straight,105865,St Albans,919.3,148167,514441,209482,,,,,
E07000240,allOther,2554,St Albans,919.3,148167,514441,209482,,,,,
E07000240,noAnswer,7671,St Albans,919.3,148167,514441,209482,,,,,
E07000241,straight,87010,Welwyn Hatfield,925,119836,524698,209206,,,,,
E07000241,allOther,2931,Welwyn Hatfield,925,119836,524698,209206,,,,,
E07000241,noAnswer,7543,Welwyn Hatfield,925,119836,524698,209206,,,,,
E07000242,straight,110717,East Hertfordshire,315.7,150158,537205,220364,,,,,
E07000242,allOther,2798,East Hertfordshire,315.7,150158,537205,220364,,,,,
E07000242,noAnswer,7634,East Hertfordshire,315.7,150158,537205,220364,,,,,
E07000243,straight,64574,Stevenage,3444.8,89495,524559,224521,,,,,
E07000243,allOther,1945,Stevenage,3444.8,89495,524559,224521,,,,,
E07000243,noAnswer,4717,Stevenage,3444.8,89495,524559,224521,,,,,
E07000244,straight,186886,East Suffolk,195.1,246058,636456,265500,,,,,
E07000244,allOther,4940,East Suffolk,195.1,246058,636456,265500,,,,,
E07000244,noAnswer,14893,East Suffolk,195.1,246058,636456,265500,,,,,
E07000245,straight,133847,West Suffolk,173.9,179948,578957,267629,,,,,
E07000245,allOther,3115,West Suffolk,173.9,179948,578957,267629,,,,,
E07000245,noAnswer,10275,West Suffolk,173.9,179948,578957,267629,,,,,
E07000246,straight,118035,Somerset West and Taunton,132.6,157445,304672,132836,,,,,
E07000246,allOther,3394,Somerset West and Taunton,132.6,157445,304672,132836,,,,,
E07000246,noAnswer,9865,Somerset West and Taunton,132.6,157445,304672,132836,,,,,
E08000002,straight,140309,Bury,1948.6,193851,379434,410155,,,,,
E08000002,allOther,4362,Bury,1948.6,193851,379434,410155,,,,,
E08000002,noAnswer,10202,Bury,1948.6,193851,379434,410155,,,,,
E08000003,straight,370576,Manchester,4772.7,551938,384645,394923,,,,,
E08000003,allOther,29220,Manchester,4772.7,551938,384645,394923,,,,,
E08000003,noAnswer,38162,Manchester,4772.7,551938,384645,394923,,,,,
E08000004,straight,169261,Oldham,1700.5,242088,396668,406152,,,,,
E08000004,allOther,4180,Oldham,1700.5,242088,396668,406152,,,,,
E08000004,noAnswer,13594,Oldham,1700.5,242088,396668,406152,,,,,
E08000005,straight,159265,Rochdale,1415.6,223773,389646,413331,,,,,
E08000005,allOther,2968,Rochdale,1415.6,223773,389646,413331,,,,,
E08000005,noAnswer,11711,Rochdale,1415.6,223773,389646,413331,,,,,
E08000006,straight,187446,Salford,2777.2,269923,375503,399266,,,,,
E08000006,allOther,12047,Salford,2777.2,269923,375503,399266,,,,,
E08000006,noAnswer,17230,Salford,2777.2,269923,375503,399266,,,,,
E08000007,straight,217470,Stockport,2338.3,294773,391577,388561,,,,,
E08000007,allOther,6740,Stockport,2338.3,294773,391577,388561,,,,,
E08000007,noAnswer,14335,Stockport,2338.3,294773,391577,388561,,,,,
E08000008,straight,168142,Tameside,2239.7,231071,395938,397900,,,,,
E08000008,allOther,6008,Tameside,2239.7,231071,395938,397900,,,,,
E08000008,noAnswer,10985,Tameside,2239.7,231071,395938,397900,,,,,
E08000009,straight,169221,Trafford,2216.7,235052,376532,391465,,,,,
E08000009,allOther,4411,Trafford,2216.7,235052,376532,391465,,,,,
E08000009,noAnswer,11519,Trafford,2216.7,235052,376532,391465,,,,,
E08000010,straight,247126,Wigan,1750,329330,361033,403243,,,,,
E08000010,allOther,6773,Wigan,1750,329330,361033,403243,,,,,
E08000010,noAnswer,14795,Wigan,1750,329330,361033,403243,,,,,
E08000011,straight,114338,Knowsley,1787,154519,344694,392430,,,,,
E08000011,allOther,2879,Knowsley,1787,154519,344694,392430,,,,,
E08000011,noAnswer,7082,Knowsley,1787,154519,344694,392430,,,,,
E08000012,straight,354781,Liverpool,4346.1,486088,339133,389144,,,,,
E08000012,allOther,17803,Liverpool,4346.1,486088,339133,389144,,,,,
E08000012,noAnswer,30444,Liverpool,4346.1,486088,339133,389144,,,,,
E08000013,straight,138290,St. Helens,1343.6,183248,352124,396102,,,,,
E08000013,allOther,3465,St. Helens,1343.6,183248,352124,396102,,,,,
E08000013,noAnswer,8217,St. Helens,1343.6,183248,352124,396102,,,,,
E08000014,straight,212421,Sefton,1783.4,279233,332846,408176,,,,,
E08000014,allOther,5817,Sefton,1783.4,279233,332846,408176,,,,,
E08000014,noAnswer,14151,Sefton,1783.4,279233,332846,408176,,,,,
E08000015,straight,237613,Wirral,1989.7,320199,327405,386273,,,,,
E08000015,allOther,6906,Wirral,1989.7,320199,327405,386273,,,,,
E08000015,noAnswer,15662,Wirral,1989.7,320199,327405,386273,,,,,
E08000016,straight,182948,Barnsley,743.3,244572,431083,404470,,,,,
E08000016,allOther,5213,Barnsley,743.3,244572,431083,404470,,,,,
E08000016,noAnswer,11638,Barnsley,743.3,244572,431083,404470,,,,,
E08000017,straight,227960,Doncaster,542.4,308106,460041,405684,,,,,
E08000017,allOther,6516,Doncaster,542.4,308106,460041,405684,,,,,
E08000017,noAnswer,16449,Doncaster,542.4,308106,460041,405684,,,,,
E08000018,straight,197506,Rotherham,927.7,265807,447556,390471,,,,,
E08000018,allOther,5060,Rotherham,927.7,265807,447556,390471,,,,,
E08000018,noAnswer,13007,Rotherham,927.7,265807,447556,390471,,,,,
E08000021,straight,217008,Newcastle upon Tyne,2646.1,300125,421988,568195,,,,,
E08000021,allOther,12556,Newcastle upon Tyne,2646.1,300125,421988,568195,,,,,
E08000021,noAnswer,18886,Newcastle upon Tyne,2646.1,300125,421988,568195,,,,,
E08000022,straight,157223,North Tyneside,2538.6,208967,430940,570503,,,,,
E08000022,allOther,5321,North Tyneside,2538.6,208967,430940,570503,,,,,
E08000022,noAnswer,8968,North Tyneside,2538.6,208967,430940,570503,,,,,
E08000023,straight,111601,South Tyneside,2294.2,147776,435717,563346,,,,,
E08000023,allOther,3189,South Tyneside,2294.2,147776,435717,563346,,,,,
E08000023,noAnswer,6502,South Tyneside,2294.2,147776,435717,563346,,,,,
E08000024,straight,208166,Sunderland,1994.6,274172,435242,554109,,,,,
E08000024,allOther,5823,Sunderland,1994.6,274172,435242,554109,,,,,
E08000024,noAnswer,12082,Sunderland,1994.6,274172,435242,554109,,,,,
E08000025,straight,779054,Birmingham,4275.4,1144919,408620,287849,,,,,
E08000025,allOther,26804,Birmingham,4275.4,1144919,408620,287849,,,,,
E08000025,noAnswer,83766,Birmingham,4275.4,1144919,408620,287849,,,,,
E08000026,straight,243622,Coventry,3500.7,345325,432736,280037,,,,,
E08000026,allOther,8751,Coventry,3500.7,345325,432736,280037,,,,,
E08000026,noAnswer,24490,Coventry,3500.7,345325,432736,280037,,,,,
E08000027,straight,238192,Dudley,3302.4,323486,392753,287253,,,,,
E08000027,allOther,5828,Dudley,3302.4,323486,392753,287253,,,,,
E08000027,noAnswer,18481,Dudley,3302.4,323486,392753,287253,,,,,
E08000028,straight,237544,Sandwell,3994.9,341832,399516,290879,,,,,
E08000028,allOther,6099,Sandwell,3994.9,341832,399516,290879,,,,,
E08000028,noAnswer,22385,Sandwell,3994.9,341832,399516,290879,,,,,
E08000029,straight,160446,Solihull,1212.9,216240,418611,279457,,,,,
E08000029,allOther,3289,Solihull,1212.9,216240,418611,279457,,,,,
E08000029,noAnswer,10765,Solihull,1212.9,216240,418611,279457,,,,,
E08000030,straight,201330,Walsall,2733.1,284124,402370,300150,,,,,
E08000030,allOther,4825,Walsall,2733.1,284124,402370,300150,,,,,
E08000030,noAnswer,16945,Walsall,2733.1,284124,402370,300150,,,,,
E08000031,straight,185921,Wolverhampton,3797.9,263727,391927,299026,,,,,
E08000031,allOther,5158,Wolverhampton,3797.9,263727,391927,299026,,,,,
E08000031,noAnswer,17363,Wolverhampton,3797.9,263727,391927,299026,,,,,
E08000032,straight,374590,Bradford,1491.2,546412,409656,438737,,,,,
E08000032,allOther,10066,Bradford,1491.2,546412,409656,438737,,,,,
E08000032,noAnswer,36918,Bradford,1491.2,546412,409656,438737,,,,,
E08000033,straight,149815,Calderdale,567.8,206631,401827,424977,,,,,
E08000033,allOther,5331,Calderdale,567.8,206631,401827,424977,,,,,
E08000033,noAnswer,11488,Calderdale,567.8,206631,401827,424977,,,,,
E08000034,straight,311501,Kirklees,1060.3,433216,415745,414567,,,,,
E08000034,allOther,9032,Kirklees,1060.3,433216,415745,414567,,,,,
E08000034,noAnswer,25742,Kirklees,1060.3,433216,415745,414567,,,,,
E08000035,straight,582244,Leeds,1471.7,811956,432624,436701,,,,,
E08000035,allOther,27963,Leeds,1471.7,811956,432624,436701,,,,,
E08000035,noAnswer,48264,Leeds,1471.7,811956,432624,436701,,,,,
E08000036,straight,261615,Wakefield,1043.6,353368,438985,418409,,,,,
E08000036,allOther,7978,Wakefield,1043.6,353368,438985,418409,,,,,
E08000036,noAnswer,17945,Wakefield,1043.6,353368,438985,418409,,,,,
E08000037,straight,147379,Gateshead,1378,196151,420364,560133,,,,,
E08000037,allOther,5486,Gateshead,1378,196151,420364,560133,,,,,
E08000037,noAnswer,8874,Gateshead,1378,196151,420364,560133,,,,,
E09000001,straight,6348,City of London,2975,8583,532539,181164,,,,,
E09000001,allOther,826,City of London,2975,8583,532539,181164,,,,,
E09000001,noAnswer,830,City of London,2975,8583,532539,181164,,,,,
E09000002,straight,143275,Barking and Dagenham,6065.8,218869,548056,184924,,,,,
E09000002,allOther,4490,Barking and Dagenham,6065.8,218869,548056,184924,,,,,
E09000002,noAnswer,14780,Barking and Dagenham,6065.8,218869,548056,184924,,,,,
E09000003,straight,269986,Barnet,4488.7,389344,524095,192314,,,,,
E09000003,allOther,8733,Barnet,4488.7,389344,524095,192314,,,,,
E09000003,noAnswer,30735,Barnet,4488.7,389344,524095,192314,,,,,
E09000004,straight,178051,Bexley,4070.7,246472,548955,175730,,,,,
E09000004,allOther,4636,Bexley,4070.7,246472,548955,175730,,,,,
E09000004,noAnswer,13640,Bexley,4070.7,246472,548955,175730,,,,,
E09000005,straight,234151,Brent,7859.6,339816,520189,185924,,,,,
E09000005,allOther,8804,Brent,7859.6,339816,520189,185924,,,,,
E09000005,noAnswer,32188,Brent,7859.6,339816,520189,185924,,,,,
E09000006,straight,238515,Bromley,2197.7,329992,542864,165667,,,,,
E09000006,allOther,7233,Bromley,2197.7,329992,542864,165667,,,,,
E09000006,noAnswer,19340,Bromley,2197.7,329992,542864,165667,,,,,
E09000007,straight,146868,Camden,9640.9,210136,527931,184580,,,,,
E09000007,allOther,12348,Camden,9640.9,210136,527931,184580,,,,,
E09000007,noAnswer,18692,Camden,9640.9,210136,527931,184580,,,,,
E09000008,straight,272523,Croydon,4516,390719,533300,163557,,,,,
E09000008,allOther,9532,Croydon,4516,390719,533300,163557,,,,,
E09000008,noAnswer,28344,Croydon,4516,390719,533300,163557,,,,,
E09000009,straight,254948,Ealing,6611.6,367115,515931,181701,,,,,
E09000009,allOther,9857,Ealing,6611.6,367115,515931,181701,,,,,
E09000009,noAnswer,30566,Ealing,6611.6,367115,515931,181701,,,,,
E09000010,straight,226705,Enfield,4082.5,329984,532411,196432,,,,,
E09000010,allOther,5620,Enfield,4082.5,329984,532411,196432,,,,,
E09000010,noAnswer,24858,Enfield,4082.5,329984,532411,196432,,,,,
E09000011,straight,199766,Greenwich,6108.6,289068,542847,177046,,,,,
E09000011,allOther,10307,Greenwich,6108.6,289068,542847,177046,,,,,
E09000011,noAnswer,19674,Greenwich,6108.6,289068,542847,177046,,,,,
E09000013,straight,131392,Hammersmith and Fulham,11161.1,183157,523529,178905,,,,,
E09000013,allOther,8210,Hammersmith and Fulham,11161.1,183157,523529,178905,,,,,
E09000013,noAnswer,15015,Hammersmith and Fulham,11161.1,183157,523529,178905,,,,,
E09000014,straight,180100,Haringey,8930.2,264238,531225,189614,,,,,
E09000014,allOther,12167,Haringey,8930.2,264238,531225,189614,,,,,
E09000014,noAnswer,23733,Haringey,8930.2,264238,531225,189614,,,,,
E09000015,straight,182702,Harrow,5175.4,261203,514912,190121,,,,,
E09000015,allOther,4239,Harrow,5175.4,261203,514912,190121,,,,,
E09000015,noAnswer,22680,Harrow,5175.4,261203,514912,190121,,,,,
E09000016,straight,191007,Havering,2332.3,262052,554032,187245,,,,,
E09000016,allOther,4092,Havering,2332.3,262052,554032,187245,,,,,
E09000016,noAnswer,14631,Havering,2332.3,262052,554032,187245,,,,,
E09000017,straight,215049,Hillingdon,2644,305909,507905,183585,,,,,
E09000017,allOther,5369,Hillingdon,2644,305909,507905,183585,,,,,
E09000017,noAnswer,21451,Hillingdon,2644,305909,507905,183585,,,,,
E09000018,straight,199334,Hounslow,5148,288181,513589,175668,,,,,
E09000018,allOther,6888,Hounslow,5148,288181,513589,175668,,,,,
E09000018,noAnswer,22459,Hounslow,5148,288181,513589,175668,,,,,
E09000019,straight,151195,Islington,14574.9,216589,531145,185005,,,,,
E09000019,allOther,14712,Islington,14574.9,216589,531145,185005,,,,,
E09000019,noAnswer,17719,Islington,14574.9,216589,531145,185005,,,,,
E09000020,straight,104227,Kensington and Chelsea,11816.5,143375,525606,179504,,,,,
E09000020,allOther,5341,Kensington and Chelsea,11816.5,143375,525606,179504,,,,,
E09000020,noAnswer,13521,Kensington and Chelsea,11816.5,143375,525606,179504,,,,,
E09000021,straight,119304,Kingston upon Thames,4512.1,168063,519327,166705,,,,,
E09000021,allOther,4642,Kingston upon Thames,4512.1,168063,519327,166705,,,,,
E09000021,noAnswer,11518,Kingston upon Thames,4512.1,168063,519327,166705,,,,,
E09000022,straight,222348,Lambeth,11839.1,317654,530807,174499,,,,,
E09000022,allOther,22298,Lambeth,11839.1,317654,530807,174499,,,,,
E09000022,noAnswer,24398,Lambeth,11839.1,317654,530807,174499,,,,,
E09000023,straight,203913,Lewisham,8551.5,300553,537676,174051,,,,,
E09000023,allOther,14875,Lewisham,8551.5,300553,537676,174051,,,,,
E09000023,noAnswer,23623,Lewisham,8551.5,300553,537676,174051,,,,,
E09000024,straight,151063,Merton,5721.6,215186,525579,169458,,,,,
E09000024,allOther,5790,Merton,5721.6,215186,525579,169458,,,,,
E09000024,noAnswer,15921,Merton,5721.6,215186,525579,169458,,,,,
E09000025,straight,235493,Newham,9690.1,351036,541466,182855,,,,,
E09000025,allOther,11086,Newham,9690.1,351036,541466,182855,,,,,
E09000025,noAnswer,29594,Newham,9690.1,351036,541466,182855,,,,,
E09000026,straight,213103,Redbridge,5501.9,310260,543919,189405,,,,,
E09000026,allOther,6404,Redbridge,5501.9,310260,543919,189405,,,,,
E09000026,noAnswer,23518,Redbridge,5501.9,310260,543919,189405,,,,,
E09000027,straight,138752,Richmond upon Thames,3401.9,195278,517367,172867,,,,,
E09000027,allOther,5243,Richmond upon Thames,3401.9,195278,517367,172867,,,,,
E09000027,noAnswer,11845,Richmond upon Thames,3401.9,195278,517367,172867,,,,,
E09000028,straight,211847,Southwark,10659,307637,533829,176738,,,,,
E09000028,allOther,20197,Southwark,10659,307637,533829,176738,,,,,
E09000028,noAnswer,23592,Southwark,10659,307637,533829,176738,,,,,
E09000029,straight,149012,Sutton,4781,209639,526964,164120,,,,,
E09000029,allOther,3967,Sutton,4781,209639,526964,164120,,,,,
E09000029,noAnswer,12678,Sutton,4781,209639,526964,164120,,,,,
E09000030,straight,210070,Tower Hamlets,15702.9,310306,536495,181509,,,,,
E09000030,allOther,17417,Tower Hamlets,15702.9,310306,536495,181509,,,,,
E09000030,noAnswer,24688,Tower Hamlets,15702.9,310306,536495,181509,,,,,
E09000031,straight,191049,Waltham Forest,7173.3,278426,537726,190195,,,,,
E09000031,allOther,10046,Waltham Forest,7173.3,278426,537726,190195,,,,,
E09000031,noAnswer,21087,Waltham Forest,7173.3,278426,537726,190195,,,,,
E09000032,straight,236553,Wandsworth,9560,327506,526055,174145,,,,,
E09000032,allOther,14184,Wandsworth,9560,327506,526055,174145,,,,,
E09000032,noAnswer,22821,Wandsworth,9560,327506,526055,174145,,,,,
E09000033,straight,147855,Westminster,9514.2,204236,527739,181005,,,,,
E09000033,allOther,9727,Westminster,9514.2,204236,527739,181005,,,,,
E09000033,noAnswer,19885,Westminster,9514.2,204236,527739,181005,,,,,
W06000001,straight,51430,Isle of Anglesey,96.7,68878,241795,379205,,,,,
W06000001,allOther,1167,Isle of Anglesey,96.7,68878,241795,379205,,,,,
W06000001,noAnswer,4552,Isle of Anglesey,96.7,68878,241795,379205,,,,,
W06000002,straight,85574,Gwynedd,46.3,117393,263903,334963,,,,,
W06000002,allOther,2231,Gwynedd,46.3,117393,263903,334963,,,,,
W06000002,noAnswer,9163,Gwynedd,46.3,117393,263903,334963,,,,,
W06000003,straight,85973,Conwy,101.9,114741,283987,361802,,,,,
W06000003,allOther,2405,Conwy,101.9,114741,283987,361802,,,,,
W06000003,noAnswer,7986,Conwy,101.9,114741,283987,361802,,,,,
W06000004,straight,70523,Denbighshire,114.5,95817,309404,355776,,,,,
W06000004,allOther,1848,Denbighshire,114.5,95817,309404,355776,,,,,
W06000004,noAnswer,6537,Denbighshire,114.5,95817,309404,355776,,,,,
W06000005,straight,115441,Flintshire,352.3,154962,322419,369649,,,,,
W06000005,allOther,2850,Flintshire,352.3,154962,322419,369649,,,,,
W06000005,noAnswer,9287,Flintshire,352.3,154962,322419,369649,,,,,
W06000006,straight,98828,Wrexham,268.2,135117,331795,344142,,,,,
W06000006,allOther,2756,Wrexham,268.2,135117,331795,344142,,,,,
W06000006,noAnswer,8690,Wrexham,268.2,135117,331795,344142,,,,,
W06000008,straight,51998,Ceredigion,40,71475,258574,263991,,,,,
W06000008,allOther,2988,Ceredigion,40,71475,258574,263991,,,,,
W06000008,noAnswer,6405,Ceredigion,40,71475,258574,263991,,,,,
W06000009,straight,92094,Pembrokeshire,76.2,123360,201312,221152,,,,,
W06000009,allOther,2363,Pembrokeshire,76.2,123360,201312,221152,,,,,
W06000009,noAnswer,8094,Pembrokeshire,76.2,123360,201312,221152,,,,,
W06000010,straight,139511,Carmarthenshire,79.3,187897,251227,224511,,,,,
W06000010,allOther,3668,Carmarthenshire,79.3,187897,251227,224511,,,,,
W06000010,noAnswer,12307,Carmarthenshire,79.3,187897,251227,224511,,,,,
W06000011,straight,175739,Swansea,631.5,238490,257445,195641,,,,,
W06000011,allOther,6704,Swansea,631.5,238490,257445,195641,,,,,
W06000011,noAnswer,15414,Swansea,631.5,238490,257445,195641,,,,,
W06000012,straight,105148,Neath Port Talbot,322.5,142289,279564,199348,,,,,
W06000012,allOther,3375,Neath Port Talbot,322.5,142289,279564,199348,,,,,
W06000012,noAnswer,8732,Neath Port Talbot,322.5,142289,279564,199348,,,,,
W06000013,straight,108771,Bridgend,580.1,145488,289150,185340,,,,,
W06000013,allOther,2982,Bridgend,580.1,145488,289150,185340,,,,,
W06000013,noAnswer,7729,Bridgend,580.1,145488,289150,185340,,,,,
W06000014,straight,97072,Vale of Glamorgan,398.4,131939,302809,172697,,,,,
W06000014,allOther,4294,Vale of Glamorgan,398.4,131939,302809,172697,,,,,
W06000014,noAnswer,7089,Vale of Glamorgan,398.4,131939,302809,172697,,,,,
W06000015,straight,257826,Cardiff,2571.3,362308,316778,179542,,,,,
W06000015,allOther,15808,Cardiff,2571.3,362308,316778,179542,,,,,
W06000015,noAnswer,22679,Cardiff,2571.3,362308,316778,179542,,,,,
W06000016,straight,174581,Rhondda Cynon Taf,560.3,237651,300745,195665,,,,,
W06000016,allOther,5518,Rhondda Cynon Taf,560.3,237651,300745,195665,,,,,
W06000016,noAnswer,13742,Rhondda Cynon Taf,560.3,237651,300745,195665,,,,,
W06000018,straight,130425,Caerphilly,634.2,175952,316753,195610,,,,,
W06000018,allOther,3573,Caerphilly,634.2,175952,316753,195610,,,,,
W06000018,noAnswer,9484,Caerphilly,634.2,175952,316753,195610,,,,,
W06000019,straight,49953,Blaenau Gwent,615.1,66904,317699,208201,,,,,
W06000019,allOther,1277,Blaenau Gwent,615.1,66904,317699,208201,,,,,
W06000019,noAnswer,3914,Blaenau Gwent,615.1,66904,317699,208201,,,,,
W06000020,straight,67893,Torfaen,734.4,92276,327301,200555,,,,,
W06000020,allOther,1987,Torfaen,734.4,92276,327301,200555,,,,,
W06000020,noAnswer,5233,Torfaen,734.4,92276,327301,200555,,,,,
W06000021,straight,71025,Monmouthshire,109.5,92957,340238,206911,,,,,
W06000021,allOther,1792,Monmouthshire,109.5,92957,340238,206911,,,,,
W06000021,noAnswer,5423,Monmouthshire,109.5,92957,340238,206911,,,,,
W06000022,straight,115026,Newport,838.1,159592,333448,186541,,,,,
W06000022,allOther,3676,Newport,838.1,159592,333448,186541,,,,,
W06000022,noAnswer,8721,Newport,838.1,159592,333448,186541,,,,,
W06000023,straight,100163,Powys,25.7,133169,303993,270454,,,,,
W06000023,allOther,2540,Powys,25.7,133169,303993,270454,,,,,
W06000023,noAnswer,9832,Powys,25.7,133169,303993,270454,,,,,
E06000007,straight,158539,Warrington,1168,210974,362665,389223,,,,,
E06000007,allOther,5338,Warrington,1168,210974,362665,389223,,,,,
E06000007,noAnswer,9832,Warrington,1168,210974,362665,389223,,,,,
E06000008,straight,107093,Blackburn with Darwen,1129.4,154738,369254,421850,,,,,
E06000008,allOther,2523,Blackburn with Darwen,1129.4,154738,369254,421850,,,,,
E06000008,noAnswer,9892,Blackburn with Darwen,1129.4,154738,369254,421850,,,,,
E06000009,straight,102898,Blackpool,4041.1,141036,331921,436188,,,,,
E06000009,allOther,5692,Blackpool,4041.1,141036,331921,436188,,,,,
E06000009,noAnswer,7749,Blackpool,4041.1,141036,331921,436188,,,,,
E06000010,straight,188281,Kingston upon Hull,3730.1,267014,509765,430588,,,,,
E06000010,allOther,8057,Kingston upon Hull,3730.1,267014,509765,430588,,,,,
E06000010,noAnswer,17539,Kingston upon Hull,3730.1,267014,509765,430588,,,,,
E06000013,straight,126559,North Lincolnshire,200.4,169680,493268,411782,,,,,
E06000013,allOther,3238,North Lincolnshire,200.4,169680,493268,411782,,,,,
E06000013,noAnswer,9670,North Lincolnshire,200.4,169680,493268,411782,,,,,
E06000016,straight,250153,Leicester,5027.2,368571,459135,304861,,,,,
E06000016,allOther,10014,Leicester,5027.2,368571,459135,304861,,,,,
E06000016,noAnswer,30847,Leicester,5027.2,368571,459135,304861,,,,,
E06000022,straight,142696,Bath and North East Somerset,559.2,193409,367057,162001,,,,,
E06000022,allOther,6447,Bath and North East Somerset,559.2,193409,367057,162001,,,,,
E06000022,noAnswer,12475,Bath and North East Somerset,559.2,193409,367057,162001,,,,,
E06000025,straight,215157,South Gloucestershire,584.3,290424,367431,183263,,,,,
E06000025,allOther,6699,South Gloucestershire,584.3,290424,367431,183263,,,,,
E06000025,noAnswer,15510,South Gloucestershire,584.3,290424,367431,183263,,,,,
E06000030,straight,168642,Swindon,1014.4,233407,417817,185857,,,,,
E06000030,allOther,5339,Swindon,1014.4,233407,417817,185857,,,,,
E06000030,noAnswer,13173,Swindon,1014.4,233407,417817,185857,,,,,
E06000033,straight,131459,Southend-on-Sea,4335.6,180686,589363,185610,,,,,
E06000033,allOther,4726,Southend-on-Sea,4335.6,180686,589363,185610,,,,,
E06000033,noAnswer,10223,Southend-on-Sea,4335.6,180686,589363,185610,,,,,
E06000034,straight,124683,Thurrock,1074.2,176001,564863,181237,,,,,
E06000034,allOther,2726,Thurrock,1074.2,176001,564863,181237,,,,,
E06000034,noAnswer,8954,Thurrock,1074.2,176001,564863,181237,,,,,
E06000046,straight,106995,Isle of Wight,370,140459,449779,86461,,,,,
E06000046,allOther,3285,Isle of Wight,370,140459,449779,86461,,,,,
E06000046,noAnswer,9306,Isle of Wight,370,140459,449779,86461,,,,,
E06000049,straight,301391,Cheshire East,341.9,398772,376729,364874,,,,,
E06000049,allOther,8102,Cheshire East,341.9,398772,376729,364874,,,,,
E06000049,noAnswer,19981,Cheshire East,341.9,398772,376729,364874,,,,,
E06000052,straight,426761,Cornwall,160.9,570305,199168,59975,,,,,
E06000052,allOther,14136,Cornwall,160.9,570305,199168,59975,,,,,
E06000052,noAnswer,36528,Cornwall,160.9,570305,199168,59975,,,,,
E07000011,straight,135126,Huntingdonshire,199.6,180832,521228,276573,,,,,
E07000011,allOther,3937,Huntingdonshire,199.6,180832,521228,276573,,,,,
E07000011,noAnswer,9198,Huntingdonshire,199.6,180832,521228,276573,,,,,
E07000039,straight,79826,South Derbyshire,317.1,107205,429750,326002,,,,,
E07000039,allOther,2040,South Derbyshire,317.1,107205,429750,326002,,,,,
E07000039,noAnswer,5088,South Derbyshire,317.1,107205,429750,326002,,,,,
E07000040,straight,115356,East Devon,185.2,150828,313793,96775,,,,,
E07000040,allOther,2879,East Devon,185.2,150828,313793,96775,,,,,
E07000040,noAnswer,9152,East Devon,185.2,150828,313793,96775,,,,,
E07000044,straight,67712,South Hams,100,88627,270440,54205,,,,,
E07000044,allOther,2060,South Hams,100,88627,270440,54205,,,,,
E07000044,noAnswer,5397,South Hams,100,88627,270440,54205,,,,,
E07000064,straight,71366,Rother,182.8,93108,578409,119997,,,,,
E07000064,allOther,2032,Rother,182.8,93108,578409,119997,,,,,
E07000064,noAnswer,6093,Rother,182.8,93108,578409,119997,,,,,
E07000065,straight,121460,Wealden,192.2,160152,554434,120966,,,,,
E07000065,allOther,3064,Wealden,192.2,160152,554434,120966,,,,,
E07000065,noAnswer,9124,Wealden,192.2,160152,554434,120966,,,,,
E07000066,straight,136332,Basildon,1705.1,187571,570901,190821,,,,,
E07000066,allOther,3056,Basildon,1705.1,187571,570901,190821,,,,,
E07000066,noAnswer,9275,Basildon,1705.1,187571,570901,190821,,,,,
E07000073,straight,66413,Harlow,3056.1,93329,545614,209915,,,,,
E07000073,allOther,1794,Harlow,3056.1,93329,545614,209915,,,,,
E07000073,noAnswer,4896,Harlow,3056.1,93329,545614,209915,,,,,
E07000078,straight,87790,Cheltenham,2549.3,118836,395079,221973,,,,,
E07000078,allOther,3836,Cheltenham,2549.3,118836,395079,221973,,,,,
E07000078,noAnswer,6810,Cheltenham,2549.3,118836,395079,221973,,,,,
E07000081,straight,96058,Gloucester,3266.6,132416,383531,216834,,,,,
E07000081,allOther,3315,Gloucester,3266.6,132416,383531,216834,,,,,
E07000081,noAnswer,7564,Gloucester,3266.6,132416,383531,216834,,,,,
E07000083,straight,70842,Tewkesbury,229,94884,394038,227458,,,,,
E07000083,allOther,1709,Tewkesbury,229,94884,394038,227458,,,,,
E07000083,noAnswer,4802,Tewkesbury,229,94884,394038,227458,,,,,
E07000090,straight,94059,Havant,2228.4,124208,471226,104842,,,,,
E07000090,allOther,2467,Havant,2228.4,124208,471226,104842,,,,,
E07000090,noAnswer,6339,Havant,2228.4,124208,471226,104842,,,,,
E07000103,straight,72016,Watford,4772.2,102246,510556,197803,,,,,
E07000103,allOther,2188,Watford,4772.2,102246,510556,197803,,,,,
E07000103,noAnswer,6759,Watford,4772.2,102246,510556,197803,,,,,
E07000112,straight,82894,Folkestone and Hythe,307.5,109758,610024,132599,,,,,
E07000112,allOther,2563,Folkestone and Hythe,307.5,109758,610024,132599,,,,,
E07000112,noAnswer,6098,Folkestone and Hythe,307.5,109758,610024,132599,,,,,
E07000119,straight,63551,Fylde,491.2,81374,339324,432384,,,,,
E07000119,allOther,705,Fylde,491.2,81374,339324,432384,,,,,
E07000119,noAnswer,3994,Fylde,491.2,81374,339324,432384,,,,,
E07000120,straight,59339,Hyndburn,1126.6,82234,374414,429238,,,,,
E07000120,allOther,772,Hyndburn,1126.6,82234,374414,429238,,,,,
E07000120,noAnswer,4712,Hyndburn,1126.6,82234,374414,429238,,,,,
E07000124,straight,47597,Ribble Valley,105.6,61561,370849,445761,,,,,
E07000124,allOther,849,Ribble Valley,105.6,61561,370849,445761,,,,,
E07000124,noAnswer,3016,Ribble Valley,105.6,61561,370849,445761,,,,,
E07000136,straight,50755,Boston,193.7,70502,532926,343714,,,,,
E07000136,allOther,1248,Boston,193.7,70502,532926,343714,,,,,
E07000136,noAnswer,5581,Boston,193.7,70502,532926,343714,,,,,
E07000142,straight,72167,West Lindsey,82.3,95156,501339,389522,,,,,
E07000142,allOther,1829,West Lindsey,82.3,95156,501339,389522,,,,,
E07000142,noAnswer,5122,West Lindsey,82.3,95156,501339,389522,,,,,
E07000147,straight,79634,North Norfolk,106.6,102980,613546,332832,,,,,
E07000147,allOther,1235,North Norfolk,106.6,102980,613546,332832,,,,,
E07000147,noAnswer,7276,North Norfolk,106.6,102980,613546,332832,,,,,
E07000168,straight,82925,Scarborough,133.2,108736,488815,497619,,,,,
E07000168,allOther,2515,Scarborough,133.2,108736,488815,497619,,,,,
E07000168,noAnswer,6671,Scarborough,133.2,108736,488815,497619,,,,,
E07000174,straight,81971,Mansfield,1440.2,110482,455327,364075,,,,,
E07000174,allOther,2405,Mansfield,1440.2,110482,455327,364075,,,,,
E07000174,noAnswer,5794,Mansfield,1440.2,110482,455327,364075,,,,,
E07000198,straight,74326,Staffordshire Moorlands,166.4,95845,401331,353540,,,,,
E07000198,allOther,1434,Staffordshire Moorlands,166.4,95845,401331,353540,,,,,
E07000198,noAnswer,5095,Staffordshire Moorlands,166.4,95845,401331,353540,,,,,
E07000202,straight,99026,Ipswich,3534.3,139642,616698,244356,,,,,
E07000202,allOther,3092,Ipswich,3534.3,139642,616698,244356,,,,,
E07000202,noAnswer,8714,Ipswich,3534.3,139642,616698,244356,,,,,
E07000214,straight,67799,Surrey Heath,951.2,90453,492648,161313,,,,,
E07000214,allOther,1520,Surrey Heath,951.2,90453,492648,161313,,,,,
E07000214,noAnswer,4465,Surrey Heath,951.2,90453,492648,161313,,,,,
E08000001,straight,210665,Bolton,2117,295963,369187,409211,,,,,
E08000001,allOther,5694,Bolton,2117,295963,369187,409211,,,,,
E08000001,noAnswer,15931,Bolton,2117,295963,369187,409211,,,,,
E08000019,straight,401537,Sheffield,1512.5,556521,430011,389797,,,,,
E08000019,allOther,18824,Sheffield,1512.5,556521,430011,389797,,,,,
E08000019,noAnswer,35889,Sheffield,1512.5,556521,430011,389797,,,,,
E09000012,straight,166695,Hackney,13593.3,259146,534348,185478,,,,,
E09000012,allOther,16389,Hackney,13593.3,259146,534348,185478,,,,,
E09000012,noAnswer,26384,Hackney,13593.3,259146,534348,185478,,,,,
E07000075,straight,65692,Rochford,512.7,85661,594750,191782,,,,,
E07000075,allOther,1139,Rochford,512.7,85661,594750,191782,,,,,
E07000075,noAnswer,3880,Rochford,512.7,85661,594750,191782,,,,,
E07000077,straight,67689,Uttlesford,142.5,91341,556816,228707,,,,,
E07000077,allOther,1453,Uttlesford,142.5,91341,556816,228707,,,,,
E07000077,noAnswer,4379,Uttlesford,142.5,91341,556816,228707,,,,,
E07000105,straight,97030,Ashford,228.6,132747,596857,139969,,,,,
E07000105,allOther,2775,Ashford,228.6,132747,596857,139969,,,,,
E07000105,noAnswer,6964,Ashford,228.6,132747,596857,139969,,,,,
W06000024,straight,43637,Merthyr Tydfil,528.2,58836,306153,205467,,,,,
W06000024,allOther,1130,Merthyr Tydfil,528.2,58836,306153,205467,,,,,
W06000024,noAnswer,2910,Merthyr Tydfil,528.2,58836,306153,205467,,,,,